source_type,relative_path
environment manifest,runs/base/base_084b5c3ad8d7434afbe4e74f/b-hf-co-lmstudio-community-qwen3-0-6b-gguf-q4-k-m__q-q4-k-m__g-native-lightrag__r-hybrid__s-42__c-ee9e5ce53d8c/environment.json
environment manifest,runs/base/base_098496a4a666032d4809338b/b-hf-co-lmstudio-community-qwen3-5-9b-gguf-q4-k-m__q-q4-k-m__g-native-lightrag__r-hybrid__s-42__c-590242b2d887/environment.json
environment manifest,runs/base/base_0d6955c37af628650e9654ec/b-hf-co-lmstudio-community-qwen3-1-7b-gguf-q4-k-m__q-q4-k-m__g-native-lightrag__r-hybrid__s-42__c-7e06d970f5ac/environment.json
environment manifest,runs/base/base_541d8b1af2513e6db17b19e0/b-hf-co-lmstudio-community-qwen3-8b-gguf-q4-k-m__q-q4-k-m__g-native-lightrag__r-hybrid__s-42__c-d5a1bc943e60/environment.json
environment manifest,runs/base/base_610489cf60d95841fd51d01c/b-hf-co-lmstudio-community-gemma-3-4b-it-gguf-q4-k__q-q4-k-m__g-native-lightrag__r-hybrid__s-42__c-bf208ab74e07/environment.json
environment manifest,runs/base/base_6ff2fb588647938593c42b5a/b-hf-co-lmstudio-community-qwen3-5-2b-gguf-q4-k-m__q-q4-k-m__g-native-lightrag__r-hybrid__s-42__c-b93a99b92b73/environment.json
environment manifest,runs/base/base_83aca3d6aa4f4a035bf5d21c/b-hf-co-lmstudio-community-qwen3-5-0-8b-gguf-q4-k__q-q4-k-m__g-native-lightrag__r-hybrid__s-42__c-8e24e626df0a/environment.json
environment manifest,runs/base/base_85df22828efa71c2b6754a25/b-hf-co-lmstudio-community-gemma-3-1b-it-gguf-q4-k__q-q4-k-m__g-native-lightrag__r-hybrid__s-42__c-bb41604af0a3/environment.json
environment manifest,runs/base/base_91358cb1f88dec176a28953b/b-hf-co-lmstudio-community-gemma-3-270m-it-gguf-q4__q-q4-k-m__g-native-lightrag__r-hybrid__s-42__c-7852e19cd261/environment.json
environment manifest,runs/base/base_97ba3cce02889beea444bd79/b-hf-co-lmstudio-community-qwen3-4b-gguf-q4-k-m__q-q4-k-m__g-native-lightrag__r-hybrid__s-42__c-d6a23c3960fa/environment.json
environment manifest,runs/base/base_e3bd699ce1aa4c5d8745f8a7/b-hf-co-lmstudio-community-gemma-3-12b-it-gguf-q4__q-q4-k-m__g-native-lightrag__r-hybrid__s-42__c-6b6e4bd661c7/environment.json
environment manifest,runs/base/base_fade67868ef8d6d4b7d790eb/b-hf-co-lmstudio-community-qwen3-5-4b-gguf-q4-k-m__q-q4-k-m__g-native-lightrag__r-hybrid__s-42__c-9278e2e78589/environment.json
global report,runs/analysis/global_experiment_report.34d2c998f8e8143d.json
lifecycle registry,runs/status.json
question metrics,runs/variants/variant_er_10dd06dabafb539d38f03207/metrics/question_metrics.904bfaacde8e272e.jsonl
question metrics,runs/variants/variant_er_28508ddd03bad1b453b1ac27/metrics/question_metrics.904bfaacde8e272e.jsonl
question metrics,runs/variants/variant_er_2b1eb0de0420e8a59f0008ff/metrics/question_metrics.904bfaacde8e272e.jsonl
question metrics,runs/variants/variant_er_633e154d52ebc2b6587c7f2e/metrics/question_metrics.904bfaacde8e272e.jsonl
question metrics,runs/variants/variant_er_6756da7bf5b8ad0e2566fbe9/metrics/question_metrics.904bfaacde8e272e.jsonl
question metrics,runs/variants/variant_er_7785257f9a3ab9e4deba47c4/metrics/question_metrics.904bfaacde8e272e.jsonl
question metrics,runs/variants/variant_er_8487befcdc34573a74986444/metrics/question_metrics.904bfaacde8e272e.jsonl
question metrics,runs/variants/variant_er_93e77b517b4667be94abd675/metrics/question_metrics.904bfaacde8e272e.jsonl
question metrics,runs/variants/variant_er_9893de5c1644f5877c3e90a9/metrics/question_metrics.904bfaacde8e272e.jsonl
question metrics,runs/variants/variant_er_a622307fd50890d7409607f8/metrics/question_metrics.904bfaacde8e272e.jsonl
question metrics,runs/variants/variant_er_a9a958215c3e4cb3de3f21d8/metrics/question_metrics.904bfaacde8e272e.jsonl
question metrics,runs/variants/variant_er_adee32f29f0f739dede254a9/metrics/question_metrics.904bfaacde8e272e.jsonl
question metrics,runs/variants/variant_native_08950d2664ed7148983dc565/metrics/question_metrics.904bfaacde8e272e.jsonl
question metrics,runs/variants/variant_native_08f00aebc7e4a729e8dcd85a/metrics/question_metrics.904bfaacde8e272e.jsonl
question metrics,runs/variants/variant_native_29335b5ff560842227e0b995/metrics/question_metrics.904bfaacde8e272e.jsonl
question metrics,runs/variants/variant_native_2b68fc1e293f9a495f3b40ab/metrics/question_metrics.904bfaacde8e272e.jsonl
question metrics,runs/variants/variant_native_4c7fe3e91e1ce688febabbe1/metrics/question_metrics.904bfaacde8e272e.jsonl
question metrics,runs/variants/variant_native_805cb2faa8378ddf4d4452a0/metrics/question_metrics.904bfaacde8e272e.jsonl
question metrics,runs/variants/variant_native_8c9a7dc88373e6144a76f8c1/metrics/question_metrics.904bfaacde8e272e.jsonl
question metrics,runs/variants/variant_native_ac097e02ae2ce77f15b38bf6/metrics/question_metrics.904bfaacde8e272e.jsonl
question metrics,runs/variants/variant_native_bc7870f8d888f47f3c04dd7f/metrics/question_metrics.904bfaacde8e272e.jsonl
question metrics,runs/variants/variant_native_bd4bde9ae57a57287b427725/metrics/question_metrics.904bfaacde8e272e.jsonl
question metrics,runs/variants/variant_native_c41e9c339aaefbc613be1a13/metrics/question_metrics.904bfaacde8e272e.jsonl
question metrics,runs/variants/variant_native_ed7fe257a2a5d1ca497b9531/metrics/question_metrics.904bfaacde8e272e.jsonl
question metrics,runs/variants/variant_rr_366f9ae01c5049637d63f6f8/metrics/question_metrics.904bfaacde8e272e.jsonl
question metrics,runs/variants/variant_rr_36795d6ece2290952528501b/metrics/question_metrics.904bfaacde8e272e.jsonl
question metrics,runs/variants/variant_rr_80de012f53305f9a0940a820/metrics/question_metrics.904bfaacde8e272e.jsonl
question metrics,runs/variants/variant_rr_815155ebe19736850367d69c/metrics/question_metrics.904bfaacde8e272e.jsonl
question metrics,runs/variants/variant_rr_893ede1f09002ff3e94bfb02/metrics/question_metrics.904bfaacde8e272e.jsonl
question metrics,runs/variants/variant_rr_9978ad4c0e3c4eab0acc8705/metrics/question_metrics.904bfaacde8e272e.jsonl
question metrics,runs/variants/variant_rr_c4ff77c029f06253ae74878b/metrics/question_metrics.904bfaacde8e272e.jsonl
question metrics,runs/variants/variant_rr_c81e35865e785a11de06d57a/metrics/question_metrics.904bfaacde8e272e.jsonl
question metrics,runs/variants/variant_rr_e28a4372fd88118216d16237/metrics/question_metrics.904bfaacde8e272e.jsonl
question metrics,runs/variants/variant_rr_eddb01bdeced73ab97c84687/metrics/question_metrics.904bfaacde8e272e.jsonl
question metrics,runs/variants/variant_rr_f6886e1fcfead6531b3c7850/metrics/question_metrics.904bfaacde8e272e.jsonl
question metrics,runs/variants/variant_rr_fa60813adc48b7946504cad9/metrics/question_metrics.904bfaacde8e272e.jsonl
subset manifest,multihoprag_120/manifest.json
